Day,Events
19080917,1
19120712,1
19130806,1
19130909,1
19131017,1
19150305,1
19150903,1
19160728,1
19160924,1
19161001,1
19161121,1
19161128,1
19170304,1
19170330,1
19170514,1
19170614,1
19170821,1
19171020,1
19180407,1
19180510,1
19180811,1
19181216,1
19190525,1
19190719,1
19191002,1
19191014,1
19191020,1
19191030,1
19200310,1
19200330,1
19200410,1
19200411,1
19200512,1
19200606,1
19200816,2
19200901,1
19200915,1
19200927,1
19201002,1
19201005,1
19201015,1
19201107,1
19201214,1
19201224,1
19210203,1
19210209,1
19210215,1
19210222,1
19210406,1
19210421,1
19210429,1
19210517,1
19210716,1
19210814,1
19210824,1
19210906,1
19211205,1
19220114,1
19220221,1
19220407,1
19220408,1
19220413,1
19251001,1
19220603,1
19220726,1
19220907,1
19221002,1
19221025,1
19221203,1
19230110,1
19230117,1
19230118,1
19230226,1
19230514,1
19230827,1
19230907,1
19230914,1
19231118,1
19231206,1
19231223,1
19231224,1
19240307,1
19240424,1
19240608,1
19240801,1
19241106,1
19241221,1
19241224,1
19250322,1
19250425,1
19250525,1
19250625,1
19250626,1
19250720,1
19250724,1
19250903,1
19250907,1
19251114,1
19260212,1
19260308,1
19260531,1
19260703,1
19260709,1
19260724,1
19260818,1
19260926,1
19261008,1
19261021,1
19261111,1
19261216,1
19270112,1
19270320,1
19270324,1
19270415,1
19270422,2
19270502,1
19270727,1
19270822,1
19270903,1
19270917,1
19270922,1
19270923,1
19271006,1
19271030,1
19271116,2
19271129,1
19271226,1
19271228,1
19271231,1
19280108,1
19280116,1
19280122,2
19280127,1
19280226,1
19280303,1
19280311,1
19280417,1
19280419,1
19280507,1
19280512,1
19280526,1
19280614,1
19280622,1
19280710,1
19280713,1
19280724,1
19280825,1
19280902,1
19280904,2
19280906,1
19281004,1
19281018,1
19281031,1
19281115,1
19281124,1
19281125,2
19281201,1
19281203,1
19281204,1
19281211,1
19281220,1
19281223,1
19281231,1
19290105,1
19290118,1
19290125,1
19290131,2
19290317,1
19290330,1
19290421,1
19290518,1
19290522,1
19290610,1
19290614,1
19290617,1
19290624,1
19290629,2
19290811,1
19290813,1
19290824,2
19290902,1
19290903,1
19290906,1
19290917,3
19291026,1
19291029,1
19291031,1
19291104,1
19291106,1
19291115,1
19291130,1
19291202,1
19291214,1
19291219,1
19291230,1
19300110,1
19300113,1
19300119,1
19300125,1
19300127,1
19300203,1
19300210,1
19300418,1
19300510,1
19300605,1
19300707,1
19300710,1
19300822,1
19300911,1
19300925,1
19301005,1
19301006,1
19301012,1
19301028,1
19301030,2
19301107,1
19301118,1
19301209,1
19310108,1
19310122,1
19310208,1
19310220,1
19310224,1
19310321,1
19310331,1
19310414,1
19310505,1
19310522,1
19310524,1
19310607,1
19310611,1
19310613,1
19310712,1
19310714,1
19310721,1
19310724,1
19310809,1
19310914,1
19310916,1
19311006,1
19311014,1
19311105,1
19311113,1
19311123,1
19311124,1
19311126,1
19311205,1
19311206,1
19311209,1
19311231,1
19320121,1
19320129,1
19320201,1
19320202,2
19320227,1
19320308,1
19320319,1
19320321,1
19320329,1
19320331,1
19320421,1
19320503,1
19320516,1
19320716,1
19320812,1
19320830,1
19320908,1
19320917,1
19320918,1
19321012,1
19321026,1
19321029,1
19321102,1
19321125,1
19321214,2
19321226,1
19330110,1
19330114,1
19330120,2
19330124,1
19330311,1
19330325,1
19330328,1
19330403,1
19330404,1
19330423,1
19330429,1
19330509,1
19330602,1
19330829,1
19330912,1
19331010,1
19331031,1
19331109,1
19331110,1
19331120,1
19331121,1
19331124,1
19331211,1
19331214,1
19331230,1
19340115,1
19340120,1
19340223,1
19340226,1
19340306,1
19340310,1
19340322,1
19340410,1
19340509,1
19340531,1
19340609,1
19340611,1
19340622,1
19340623,1
19340709,1
19340727,1
19340805,1
19340810,1
19340831,1
19341003,1
19341019,1
19341102,1
19341115,3
19341207,1
19341208,1
19341210,1
19341220,1
19341222,1
19350126,1
19350131,1
19350307,1
19350315,1
19350329,1
19350401,1
19350406,1
19350501,1
19350506,1
19350518,2
19350527,1
19350528,1
19350529,1
19350624,1
19350714,1
19350719,1
19350720,1
19350813,1
19350814,1
19350815,2
19350901,1
19351002,1
19351007,1
19351009,1
19351021,1
19351030,1
19351102,1
19351109,2
19351111,1
19351204,1
19351210,1
19351224,1
19351231,1
19360114,1
19360117,1
19360121,1
19360129,1
19360215,1
19360305,1
19360326,1
19360401,1
19360407,1
19360411,1
19360415,1
19360417,1
19360421,1
19360430,1
19360516,1
19360609,1
19360613,1
19360616,1
19360731,1
19360802,1
19360803,1
19360805,1
19360806,1
19360812,1
19360822,1
19360925,1
19360928,1
19360929,1
19361006,1
19361009,1
19361101,1
19361106,1
19361117,1
19361119,1
19361204,1
19361207,1
19361209,1
19361215,1
19361218,1
19361219,1
19361223,1
19361226,1
19361227,1
19370112,1
19370126,1
19370209,1
19370219,1
19370312,1
19370324,1
19370325,1
19370326,1
19370506,1
19370520,1
19370702,1
19370728,1
19370802,1
19370803,1
19370808,1
19370810,1
19370823,1
19370827,1
19380323,1
19371001,1
19371006,1
19371017,1
19371112,1
19371116,1
19371126,1
19371205,1
19371208,1
19371224,1
19380104,1
19380110,1
19380111,1
19380112,1
19380202,1
19380205,2
19380209,1
19380222,1
19380301,1
19380307,1
19380308,1
19380412,1
19380505,1
19380510,1
19380516,1
19380522,1
19380524,1
19380527,2
19380608,1
19380619,1
19380708,1
19380714,1
19380722,1
19380724,1
19380727,1
19380729,1
19380810,2
19380813,1
19380815,1
19380818,2
19380824,1
19380829,1
19381001,2
19381010,1
19381025,1
19381102,1
19381104,1
19381114,1
19381118,1
19381126,1
19381127,1
19381129,1
19381208,1
19381209,1
19381212,1
19390107,1
19390113,2
19390118,1
19390121,1
19390224,1
19390314,1
19390316,1
19390318,1
19400809,1
19410603,1
19390326,1
19390403,1
19390501,1
19390502,1
19390508,1
19390610,1
19390720,1
19390804,1
19390813,1
19390815,1
19390828,1
19390830,1
19390926,1
19391120,1
19391218,1
19391221,1
19391224,1
19400115,1
19400301,1
19400422,1
19400602,1
19400614,1
19400620,1
19400707,1
19400813,1
19400823,1
19400831,2
19401029,1
19401104,1
19401108,1
19401109,1
19401127,1
19401204,1
19410115,1
19410118,1
19410120,1
19410123,1
19410206,1
19410226,1
19410301,1
19410328,1
19410619,1
19410621,1
19410810,1
19410814,1
19410818,1
19410901,2
19411003,1
19411028,1
19411030,2
19411211,1
19420116,1
19420120,1
19420124,1
19420126,1
19420130,1
19420214,1
19420215,1
19420220,1
19420228,1
19420303,2
19430827,1
19420314,1
19420421,1
19420501,1
19420512,1
19420701,1
19420707,1
19420720,1
19420813,1
19420821,1
19420822,1
19420823,1
19420825,1
19420927,2
19421001,1
19421003,1
19421022,1
19421023,1
19421030,1
19421215,1
19421219,1
19430109,1
19430115,1
19430118,1
19430121,1
19430122,1
19430209,1
19430218,1
19430222,1
19430311,1
19430313,1
19430327,1
19430422,1
19430601,1
19430607,1
19430614,1
19430616,1
19430630,1
19430704,2
19430728,1
19430801,1
19430807,1
19430811,2
19430910,1
19430920,1
19430922,1
19431015,1
19431019,1
19431022,2
19431108,1
19431119,2
19431126,1
19431218,1
19431219,1
19431229,1
19440115,1
19440210,1
19440220,1
19440221,1
19440322,1
19440406,1
19440417,1
19440421,1
19440425,1
19440526,1
19440527,1
19440606,3
19440608,1
19440618,1
19440620,1
19440726,1
19440727,1
19440731,1
19440803,1
19440808,1
19440812,1
19440823,1
19440828,1
19440830,1
19440902,1
19440907,1
19440918,1
19440921,1
19440927,1
19450630,1
19441007,1
19441010,1
19441011,1
19441016,1
19441017,1
19441018,1
19441104,1
19441109,1
19441119,3
19441129,1
19441130,1
19441201,1
19441203,1
19441215,1
19450106,1
19450108,1
19450110,1
19450114,1
19450116,1
19450123,1
19450131,1
19450202,1
19450206,1
19450213,1
19450215,2
19450223,1
19450327,1
19450409,1
19450414,1
19450419,2
19450420,1
19450421,1
19450423,1
19450427,1
19450505,1
19450506,1
19450509,1
19450513,1
19450530,1
19450615,1
19450624,1
19450625,1
19450629,1
19450704,1
19450711,1
19450712,1
19450728,1
19450801,1
19450803,1
19450811,1
19450907,1
19450911,1
19450915,1
19450918,1
19450928,1
19451005,2
19451007,1
19451013,1
19451016,1
19451020,2
19451023,1
19451024,1
19451030,1
19451101,1
19451103,1
19451108,1
19451109,1
19451111,3
19451115,1
19451122,1
19451203,1
19451205,1
19451208,1
19451218,1
19451225,1
19451230,1
19460106,1
19460109,1
19460115,1
19460118,1
19460119,1
19460130,1
19460131,1
19460205,1
19460221,1
19460303,1
19460305,1
19460310,1
19460317,1
19460318,1
19460319,1
19460323,1
19460405,1
19460408,1
19460422,1
19460430,1
19460510,1
19460516,1
19460522,1
19460601,1
19460609,2
19460629,2
19460709,1
19460711,1
19460713,1
19460717,1
19460718,1
19460720,1
19460725,1
19460807,1
19460809,1
19460814,1
19460820,1
19460821,1
19460824,1
19460903,1
19460904,1
19460905,1
19460906,1
19460907,1
19460915,1
19460917,1
19470122,1
19460918,1
19460919,1
19460920,1
19460925,1
19460927,1
19461003,1
19461006,1
19461007,1
19461008,1
19461010,2
19461017,1
19461023,1
19461101,1
19461111,2
19461113,1
19461114,1
19461116,1
19461126,1
19461130,1
19461204,2
19461210,1
19461214,1
19461217,1
19461223,1
19461224,1
19461225,3
19461228,1
19470103,2
19470105,2
19470111,1
19470112,1
19470114,1
19470125,3
19470126,1
19470128,1
19470201,1
19470205,1
19470206,1
19470214,1
19470215,2
19470221,1
19470226,1
19470308,2
19470314,1
19470317,1
19470318,1
19470408,1
19470413,1
19470422,1
19490224,1
19470428,1
19470511,3
19470529,1
19470530,1
19470604,1
19470611,1
19470613,1
19470619,1
19470701,1
19470713,1
19470715,1
19470716,1
19470725,1
19470731,1
19470802,1
19470806,1
19470808,1
19470809,1
19470813,1
19470821,1
19470823,1
19470828,1
19471008,2
19471016,1
19471024,2
19471026,1
19471031,1
19471102,1
19471111,1
19471113,2
19471118,1
19471121,3
19471127,1
19471128,1
19471130,1
19471210,1
19471211,1
19471223,1
19471227,1
19471228,2
19480106,1
19480107,1
19480108,1
19480111,1
19480113,1
19480120,1
19490809,1
19480128,1
19480130,1
19480207,1
19480212,1
19480220,1
19480221,1
19480223,1
19480225,2
19480227,1
19480302,1
19480307,1
19480310,1
19480312,1
19480313,1
19480315,1
19480327,1
19480405,2
19480415,1
19490813,1
19480513,1
19480515,1
19480516,1
19480520,1
19480525,1
19480610,1
19480617,1
19480626,1
19480701,1
19480704,1
19480707,1
19480714,2
19480716,2
19480724,1
19480729,1
19480801,1
19480809,1
19480820,1
19500524,1
19480829,1
19480831,1
19480902,1
19481002,1
19481020,1
19481023,1
19481027,1
19481103,1
19481104,1
19481108,1
19481111,1
19481126,1
19481205,2
19481206,1
19481212,1
19481215,1
19481221,1
19481223,1
19481228,1
19481231,1
19490102,1
19490105,1
19490106,2
19490111,1
19490115,1
19490116,1
19490117,1
19490120,1
19490130,1
19490202,1
19490204,1
19490205,2
19490208,1
19490210,1
19490219,1
19511115,1
19490310,1
19490315,1
19490318,2
19490504,1
19490507,1
19490606,2
19490607,1
19490623,1
19490702,1
19490712,1
19490719,1
19490730,1
19490802,1
19490803,1
19490806,1
19490815,1
19490819,1
19490821,1
19490827,1
19490909,1
19490926,1
19490927,1
19491009,1
19491028,1
19491101,1
19491104,1
19491120,1
19491128,1
19491129,1
19491201,1
19491207,1
19491209,2
19491210,1
19491212,1
19491216,1
19491218,1
19491230,1
19500118,2
19500120,1
19500124,1
19500126,1
19500202,1
19500227,1
19500307,1
19500310,1
19500312,1
19500325,1
19500328,1
19500405,1
19500415,1
19500421,1
19500502,1
19500517,1
19500523,1
19500527,1
19500530,1
19500605,1
19500609,1
19500612,1
19500614,1
19500623,1
19500626,1
19500707,1
19500709,1
19500717,1
19500718,1
19500727,1
19500728,1
19500729,1
19500805,1
19500825,1
19500831,1
19500904,1
19500914,1
19500920,1
19500921,1
19500923,1
19500926,2
19501013,1
19501017,1
19501031,1
19501103,1
19501106,1
19501113,1
19501117,1
19501121,1
19501123,1
19501125,1
19501201,2
19501208,2
19501213,1
19501215,1
19501219,1
19501222,1
19501230,1
19510112,1
19510113,1
19510114,1
19510116,1
19510117,1
19510128,1
19510131,1
19510201,1
19510203,1
19510214,1
19510302,1
19510311,1
19510321,2
19510322,1
19660715,1
19510326,1
19510402,1
19510406,1
19510408,1
19510409,1
19510425,1
19510428,1
19510506,1
19510508,1
19510518,1
19510603,1
19510606,1
19510615,1
19510622,1
19510629,3
19510630,1
19510712,1
19511113,1
19510716,1
19510720,1
19510721,1
19510724,1
19510729,1
19510808,1
19510811,1
19510817,2
19510824,1
19510908,1
19510912,1
19510915,2
19510929,1
19511008,1
19511015,1
19511017,1
19511022,1
19511027,1
19511105,1
19511119,1
19511121,1
19511124,1
19511127,1
19511204,1
19511213,1
19511216,1
19511223,1
19511229,2
19511230,1
19511231,1
19520102,1
19520110,1
19520119,1
19520122,1
19520204,1
19520207,1
19520211,1
19530107,2
19520216,1
19520219,1
19520228,1
19520303,1
19520310,2
19520312,1
19520322,1
19520324,1
19520326,1
19520329,1
19520330,1
19520405,1
19520409,1
19520410,1
19520411,1
19520418,1
19531215,1
19520429,1
19520430,1
19520505,1
19520509,1
19520513,1
19520524,1
19520526,1
19520613,1
19520624,1
19520625,1
19520727,1
19520812,1
19520821,1
19520826,1
19520829,1
19520906,1
19520910,1
19531217,1
19520915,1
19521008,1
19521014,1
19521016,1
19521029,1
19521106,1
19521107,1
19521114,1
19521115,2
19521117,1
19521122,1
19521128,2
19521206,1
19521220,1
19521221,2
19521225,1
19521230,1
19530105,1
19700213,1
19530115,1
19530126,1
19530202,1
19530203,1
19530207,1
19530209,1
19530214,1
19530303,1
19530304,1
19530314,1
19530317,1
19530318,2
19530320,2
19530327,1
19530329,1
19530410,1
19530414,1
19530416,1
19530420,1
19530502,1
19530507,1
19530509,2
19530511,1
19530517,1
19530525,1
19530615,1
19530616,1
19530617,1
19530618,2
19530712,1
19530717,1
19530727,2
19550929,1
19530803,1
19530805,1
19530818,1
19530901,1
19530908,1
19530914,1
19530916,2
19530925,1
19530928,1
19531014,1
19531017,1
19531019,1
19531029,1
19531103,1
19531111,1
19531204,1
19531212,1
19531219,1
19531221,1
19540102,1
19540105,1
19540106,1
19540110,2
19540111,1
19540113,1
19540114,1
19540120,1
19540201,1
19540205,1
19540212,1
19540225,1
19540226,1
19540304,1
19540313,1
19540314,1
19540319,1
19540326,2
19540403,2
19540404,1
19540408,1
19540413,1
19540423,1
19540430,1
19540522,1
19540531,1
19540603,1
19540604,1
19540608,1
19540619,1
19540702,1
19540723,1
19540808,1
19540809,1
19540812,1
19540816,1
19540822,1
19540823,1
19580516,1
19540827,1
19540905,2
19540912,1
19540915,1
19541024,1
19541030,1
19541031,1
19541116,2
19541130,1
19541204,1
19541212,1
19541218,1
19541222,1
19541225,1
19541229,1
19541231,1
19550111,1
19550112,1
19550119,1
19550131,1
19550202,1
19550205,1
19550213,1
19550219,1
19550223,1
19550306,1
19550308,1
19550309,1
19550320,1
19550322,1
19550326,1
19550402,1
19550404,1
19550411,1
19550418,1
19550518,1
19550521,1
19550526,1
19550603,1
19550616,1
19550618,1
19550714,1
19550717,1
19550727,1
19550804,1
19550806,1
19550811,1
19550826,1
19550830,1
19550902,1
19550908,1
19550910,1
19550917,1
19550921,1
19550924,1
19551002,1
19551006,2
19551010,1
19551101,1
19551117,1
19551120,1
19551130,1
19551201,1
19551217,1
19551219,1
19551221,1
19560112,1
19560117,1
19560118,1
19560128,1
19560213,1
19560214,1
19560217,1
19560218,1
19560220,1
19560224,1
19560225,2
19560321,1
19560328,1
19560331,1
19560401,1
19560402,1
19560409,2
19560418,1
19560430,1
19560515,1
19560524,1
19560620,1
19560624,1
19560630,1
19560709,1
19560713,1
19560716,2
19560808,1
19560829,1
19560909,1
19561002,1
19561010,1
19561016,1
19561019,1
19561028,1
19561105,1
19561107,2
19561115,1
19571018,1
19561117,1
19561124,1
19561127,2
19561208,1
19561209,1
19561212,1
19561222,1
19561230,1
19570106,1
19570111,1
19570123,1
19570129,1
19570131,1
19570201,1
19570222,1
19570302,1
19570305,1
19570309,1
19570314,1
19570317,1
19570318,1
19570322,1
19570407,1
19570408,1
19570410,1
19570415,1
19570417,1
19570420,3
19570501,1
19570505,1
19570509,1
19570513,1
19570614,1
19570618,1
19570622,1
19570623,1
19570701,1
19570716,1
19570725,1
19570811,1
19570815,1
19570820,1
19570829,1
19570903,1
19570915,1
19570918,1
19570928,1
19571003,1
19571023,1
19571028,1
19571030,2
19571106,1
19571109,1
19571115,1
19571121,1
19571208,2
19571210,1
19571211,1
19571223,1
19571231,2
19580116,1
19580120,1
19580201,1
19580515,1
19580206,2
19580219,1
19580220,1
19580227,1
19580307,1
19580322,1
19580324,1
19580325,1
19580327,1
19580402,1
19580406,1
19580407,1
19580414,1
19580421,1
19580518,1
19580520,2
19580525,2
19580531,1
19580602,1
19580604,1
19580616,1
19580625,1
19580627,1
19580709,2
19580809,1
19580812,2
19580814,3
19580815,1
19580902,1
19580905,1
19580908,1
19580909,1
19580915,1
19580929,1
19581009,1
19581014,1
19581015,1
19581017,1
19581018,1
19581022,1
19581101,1
19581103,1
19581108,1
19581109,1
19581116,1
19581204,1
19581224,1
19581226,1
19581230,1
19620113,1
19590106,1
19590108,1
19590111,1
19590114,1
19590116,1
19590121,1
19590122,2
19590127,1
19590201,1
19590203,1
19590217,1
19590218,1
19591121,2
19590305,1
19590312,1
19590313,1
19590329,1
19590330,1
19590417,2
19590423,1
19590429,1
19590502,1
19590512,1
19590513,1
19590515,1
19590521,1
19590601,1
19590623,1
19590626,1
19590630,1
19590803,1
19590814,1
19590815,1
19590819,1
19590827,1
19590902,2
19590908,1
19590912,1
19590923,1
19590924,1
19590929,1
19591026,2
19591029,1
19591030,1
19591104,1
19591116,1
19591124,1
19591201,1
19591208,1
19591213,1
19591217,1
19591221,1
19591222,1
19591224,1
19591231,1
19600103,1
19600106,1
19600110,1
19600118,1
19600119,1
19730511,3
19600121,1
19600126,1
19600205,1
19600226,1
19600315,1
19600316,1
19600317,1
19600319,1
19600405,1
19600412,1
19600414,1
19600418,1
19600419,1
19600420,1
19600422,1
19600428,1
19600515,1
19600907,1
19600518,1
19600523,1
19600610,1
19600614,1
19600624,1
19600706,1
19600710,1
19600711,1
19600714,1
19600715,2
19600719,1
19600727,1
19600731,1
19600801,1
19600817,1
19600824,1
19600829,1
19600919,1
19600922,1
19600926,1
19600928,1
19600929,1
19601004,1
19601014,1
19601015,1
19601021,1
19601028,1
19601029,1
19601105,1
19601107,1
19601123,1
19601207,1
19601211,1
19610403,1
19610510,1
19610524,1
19601216,1
19601217,1
19601222,1
19610102,1
19610103,1
19610119,1
19610122,1
19610124,1
19610126,1
19610128,1
19610203,1
19610215,1
19610309,1
19610325,1
19610328,1
19610529,1
19610530,1
19610612,1
19610617,1
19610630,1
19610710,1
19610711,1
19610712,1
19610719,1
19610721,1
19610806,1
19610809,1
19610813,1
19610829,1
19610901,1
19610905,2
19610906,1
19611229,1
19610910,1
19610912,2
19610917,1
19610923,1
19611007,2
19611010,1
19611101,1
19611108,1
19611111,1
19611123,1
19611130,1
19611204,1
19611212,1
19611215,1
19611221,1
19611224,1
19620122,2
19620127,1
19620204,1
19620225,1
19620301,3
19620304,2
19620306,1
19620308,1
19620315,1
19620320,1
19620327,1
19620406,1
19620422,1
19621012,1
19620506,1
19620508,1
19620509,2
19620512,1
19620515,1
19620517,1
19620522,1
19620603,1
19620604,1
19620622,1
19620628,1
19620630,1
19620706,1
19620707,1
19620709,1
19620715,1
19620716,1
19620719,1
19620722,1
19620728,1
19620730,1
19620801,1
19620820,1
19620823,1
19620824,3
19620902,1
19620903,1
19620904,1
19620910,2
19620921,1
19620923,1
19621010,1
19731012,1
19621019,3
19621025,1
19621110,1
19621119,1
19621123,1
19621126,2
19621127,1
19621130,1
19621206,1
19621214,1
19621219,1
19621220,1
19621222,1
19621228,1
19621229,1
19640310,1
19630114,1
19630115,1
19630117,1
19630126,1
19630129,1
19630130,1
19630201,1
19630203,1
19630208,2
19630212,1
19630228,1
19630302,1
19630305,1
19630315,2
19630320,1
19630323,2
19641120,1
19630330,2
19630414,1
19630503,1
19630512,1
19630603,1
19630610,1
19630616,1
19630623,1
19630626,1
19630701,1
19630702,1
19630703,1
19630713,1
19630715,1
19630717,1
19630727,1
19630808,1
19630812,2
19630814,1
19630817,1
19630821,1
19630828,1
19630904,1
19630911,1
19630922,1
19631009,1
19631014,1
19631018,1
19631020,1
19631022,1
19631108,1
19631129,1
19631207,1
19631208,2
19631212,1
19631215,1
19631217,1
19640109,1
19640122,1
19640203,2
19640204,1
19640208,1
19640215,1
19640218,1
19640221,2
19640222,2
19640225,1
19640227,1
19640229,2
19640301,1
19640308,2
19640312,1
19640320,2
19640328,1
19640412,1
19640417,1
19640507,1
19640508,1
19640511,1
19640520,1
19640527,1
19640604,1
19640613,1
19640619,1
19640620,1
19640621,1
19640707,1
19640708,1
19641123,1
19640709,1
19640714,1
19640716,2
19640731,1
19640802,2
19640805,1
19640822,1
19640902,1
19640904,1
19640915,1
19641002,1
19641009,1
19641016,1
19641019,1
19641103,1
19641115,1
19641117,1
19650927,1
19641129,2
19641204,1
19641208,1
19641211,1
19641221,1
19641224,1
19641229,1
19641230,1
19650105,1
19650113,1
19650116,1
19650117,1
19650122,2
19650203,2
19650206,1
19650208,1
19650213,1
19650214,1
19731015,1
19650308,1
19650317,1
19650322,1
19650325,1
19650326,1
19650331,1
19650409,1
19650410,1
19650414,1
19650417,1
19650423,1
19650505,1
19650520,1
19650615,1
19650625,1
19650628,1
19650701,1
19651008,1
19650706,1
19650707,1
19650708,1
19650711,1
19650715,1
19650717,1
19650725,1
19650804,1
19650812,2
19650816,1
19650820,1
19650824,1
19650904,2
19650911,1
19650914,1
19650916,1
19650917,1
19750731,1
19651017,2
19651018,1
19651020,1
19651027,1
19651102,1
19651103,1
19651108,1
19651110,1
19651111,1
19651112,1
19651114,1
19651127,1
19651204,1
19660711,1
19651207,1
19651211,1
19651212,1
19651216,1
19651229,1
19660101,1
19660115,1
19660122,1
19660124,1
19660125,1
19660127,1
19660128,1
19660204,1
19660207,2
19660208,1
19660215,1
19660218,1
19660304,1
19660305,1
19660308,1
19660310,1
19660318,1
19660320,1
19660405,1
19660409,1
19660417,1
19660422,2
19660427,1
19660504,1
19660506,2
19660518,1
19660616,1
19660620,1
19660627,1
19660629,1
19660704,1
19660724,1
19660803,1
19660806,2
19660811,1
19660813,1
19660815,1
19660816,1
19660817,2
19660821,1
19660901,1
19660904,1
19660916,1
19660922,1
19661001,1
19661004,1
19661008,1
19751117,1
19661009,1
19661102,1
19661106,1
19661111,1
19661113,1
19661115,1
19661120,1
19661122,2
19661124,1
19661126,1
19661201,2
19661202,1
19661218,1
19661224,2
19670105,1
19670106,1
19670117,1
19670121,1
19670206,1
19671103,1
19670207,1
19670209,1
19670210,1
19670215,1
19670216,2
19670220,1
19670228,1
19670304,1
19670305,1
19670308,1
19670309,1
19670310,1
19670311,1
19670313,1
19670316,1
19670327,1
19670330,1
19670401,1
19670402,2
19670403,1
19670408,1
19670411,1
19670417,1
19670420,1
19670425,1
19670427,1
19670428,1
19670501,1
19670504,1
19670512,2
19670515,1
19670519,1
19670603,2
19670604,2
19670609,1
19670611,1
19670612,1
19670615,2
19671229,2
19670617,1
19670622,1
19670623,1
19670624,1
19670630,1
19670706,2
19670719,1
19670725,1
19670726,1
19670831,1
19670904,2
19670905,1
19670908,1
19671008,1
19671012,1
19671013,1
19671024,1
19671104,1
19671105,1
19671106,1
19671116,1
19671120,1
19671123,1
19671125,2
19671130,1
19671207,1
19671208,1
19671210,1
19671213,3
19671215,1
19671221,1
19671225,1
19671230,1
19671231,1
19680108,1
19680110,2
19680115,1
19680116,1
19680117,1
19680127,1
19680206,2
19680207,1
19680216,1
19680221,1
19680224,1
19680229,1
19680306,2
19680308,1
19680309,2
19680319,2
19680323,2
19680324,1
19680327,1
19680401,1
19680408,1
19680410,1
19680419,1
19680420,1
19680422,1
19680427,1
19680430,1
19680503,1
19680507,1
19680512,1
19680514,1
19680522,1
19680528,1
19680601,1
19680613,1
19680618,1
19680622,1
19680625,1
19680628,1
19680703,1
19680707,1
19680708,1
19680713,1
19680715,1
19680718,1
19680728,1
19680801,1
19680802,1
19680804,1
19680809,1
19680810,1
19690308,1
19680814,1
19680818,1
19680820,1
19680828,1
19680831,2
19680903,2
19680908,1
19680911,1
19680924,1
19680928,1
19681001,1
19681003,1
19681008,1
19681010,1
19681011,1
19681019,1
19681020,1
19681021,1
19681025,1
19681121,1
19681122,1
19681123,2
19681125,2
19681126,1
19681202,2
19681206,2
19681208,1
19681212,2
19681224,1
19681226,1
19681227,1
19690313,1
19681231,2
19690102,1
19690105,1
19690106,1
19690113,2
19690116,1
19690118,1
19690204,1
19690205,2
19690218,3
19690224,1
19690305,1
19690316,1
19690319,1
19690320,1
19690402,1
19690407,1
19690415,2
19690416,1
19690419,1
19690421,1
19690424,1
19690425,1
19690505,2
19690506,1
19690507,1
19690523,1
19690525,1
19690604,1
19690605,1
19690620,1
19690629,1
19690706,2
19690712,1
19690713,1
19690715,1
19690724,1
19690725,1
19690726,1
19690730,1
19690803,1
19690805,1
19690819,1
19690825,1
19690826,1
19691203,1
19691206,1
19690831,1
19690902,1
19690906,2
19690908,1
19690909,1
19690912,1
19690914,1
19690917,1
19690920,1
19690921,1
19690926,1
19691002,1
19691003,1
19691109,1
19691112,2
19691113,1
19691119,1
19691120,1
19691208,1
19691210,1
19691222,1
19691223,1
19700101,2
19700105,2
19700112,1
19700113,2
19700114,1
19700124,1
19700125,1
19700128,1
19700129,1
19700204,1
19700206,1
19700210,1
19700212,1
19700215,1
19700218,1
19700219,1
19700221,1
19700306,2
19700314,1
19700316,2
19700322,1
19700326,1
19700401,1
19700402,1
19700421,1
19700425,2
19700428,1
19700502,1
19700504,1
19700506,1
19700509,1
19700515,1
19700522,1
19700526,2
19700530,1
19700601,1
19700602,1
19700610,1
19700703,1
19700705,1
19700718,1
19700724,1
19700727,1
19700730,1
19700803,1
19700806,1
19700809,1
19700812,1
19700826,1
19700829,1
19700830,1
19700902,1
19700903,1
19700908,1
19700909,2
19700922,1
19700926,1
19700930,1
19701001,1
19701002,1
19701004,1
19701006,1
19701010,2
19701016,1
19701028,1
19701114,1
19701124,1
19701127,1
19701129,1
19701202,1
19701205,2
19701207,1
19701219,1
19701228,1
19701230,2
19701231,1
19710102,1
19710109,1
19710118,1
19710121,1
19710122,1
19881002,1
19710123,2
19710125,1
19710131,1
19710207,1
19710217,1
19710326,1
19710331,1
19710415,1
19710420,1
19710421,1
19710422,1
19710506,1
19710511,1
19710512,1
19710523,1
19710526,1
19710528,1
19710828,1
19711206,1
19710606,2
19710607,3
19710613,1
19710617,1
19710627,1
19710703,1
19710721,1
19710724,1
19710725,1
19710730,1
19710807,2
19710812,1
19710818,1
19710819,1
19711209,2
19710904,1
19710906,1
19710915,1
19710916,1
19710928,1
19711002,1
19711013,1
19711016,1
19711017,1
19711021,1
19711023,1
19711024,1
19711109,1
19711110,1
19711112,1
19711121,1
19711128,1
19711201,1
19711204,3
19910222,1
19711221,1
19711224,2
19720106,1
19720107,1
19720118,1
19720121,1
19720126,1
19720201,1
19720204,1
19720205,1
19720211,1
19720216,1
19720219,1
19720220,1
19720222,1
19720303,1
19720313,1
19720314,1
19720319,1
19720328,1
19720406,1
19720412,1
19720416,1
19720417,1
19720418,1
19720420,1
19720424,1
19720426,1
19720504,2
19720505,1
19720508,1
19720510,2
19720519,1
19720521,2
19720527,1
19720529,1
19720530,4
19720601,1
19720603,1
19720605,2
19720613,1
19720614,1
19720615,1
19720618,2
19720624,1
19720625,1
19720629,2
19720630,1
19720705,1
19720706,1
19720711,1
19720720,1
19720729,1
19720812,1
19720814,1
19720816,1
19720827,2
19720828,1
19720831,2
19720901,1
19720907,2
19720910,1
19720913,1
19720924,1
19720930,1
19721002,1
19721012,1
19721013,1
19721016,1
19721021,1
19721023,1
19721027,1
19721030,2
19721031,1
19721104,2
19721117,1
19721128,1
19721129,2
19721203,1
19721205,1
19721206,1
19721208,1
19730212,1
19721215,2
19721220,2
19721221,1
19721223,1
19721229,1
19721231,2
19730102,2
19730119,1
19730122,1
19730127,4
19730129,1
19730131,2
19730219,1
19730221,2
19730222,1
19730224,1
19730228,2
19730303,1
19730305,1
19730307,2
19730315,1
19730319,1
19730410,1
19730412,1
19730418,1
19730419,1
19730516,1
19730518,1
19730519,1
19730529,1
19730531,1
19730601,1
19730603,1
19730609,1
19730620,1
19730630,1
19730711,1
19730722,1
19730723,1
19730724,1
19730731,1
19730804,2
19731013,1
19730813,1
19730815,1
19730818,1
19730822,1
19730827,1
19730828,1
19730904,1
19730908,2
19730909,1
19730911,1
19730920,1
19730924,1
19730925,1
19730927,1
19730930,1
19731002,1
19731004,1
19731023,2
19731029,1
19731031,1
19731102,1
19731103,1
19731117,1
19731207,1
19731209,1
19731211,2
19731216,1
19731217,1
19731218,1
19731221,1
19731222,3
19731223,1
19731228,1
19740101,1
19740106,2
19740109,1
19740110,1
19740117,1
19740125,1
19740126,1
19740127,1
19740128,1
19740130,1
19740202,1
19740209,1
19740210,1
19740222,1
19740223,1
19740228,1
19740303,1
19740308,1
19740311,1
19740313,1
19740315,1
19740404,1
19740411,1
19740422,1
19740424,1
19740427,2
19740430,1
19740502,1
19740506,1
19740523,1
19740531,1
19740608,1
19740627,1
19740630,1
19740724,1
19740727,1
19740805,1
19740809,1
19740811,2
19740812,1
19740813,1
19740814,1
19740818,1
19740907,1
19740908,1
19740911,1
19740915,1
19740919,1
19740922,1
19741001,1
19741002,1
19741009,1
19741010,1
19741013,2
19741017,1
19741019,1
19741022,1
19741024,1
19751109,2
19741027,2
19741028,1
19741030,2
19741107,1
19741115,1
19741120,1
19741122,1
19741201,1
19741204,1
19741211,1
19741212,2
19741214,1
19741222,1
19741226,1
19741229,1
19750103,1
19750105,1
19750106,1
19750108,2
19750109,2
19750113,1
19750115,1
19750116,1
19750130,1
19750201,1
19750203,1
19750209,1
19750216,1
19750222,1
19750227,1
19750305,1
19750312,1
19750316,1
19750318,1
19750320,1
19750404,1
19750422,1
19750428,1
19750503,1
19750510,1
19750512,1
19750513,1
19750603,1
19750617,1
19750624,2
19750626,2
19750630,1
19750702,2
19750703,2
19750710,1
19750715,1
19750726,1
19750803,1
19750807,2
19750815,1
19750820,1
19750825,1
19750830,3
19750901,1
19750911,1
19750924,1
19750930,1
19751023,1
19751026,1
19751027,1
19751030,1
19751103,1
19751107,1
19751118,2
19751120,1
19751122,1
19751125,1
19751129,1
19751130,1
19751221,1
19751226,2
19760101,1
19760103,1
19760106,2
19760108,1
19760115,1
19760118,1
19760120,1
19760121,1
19760122,1
19760130,1
19760203,1
19760204,1
19760206,1
19760902,1
19760208,1
19760209,1
19760221,1
19760301,2
19760302,1
19760306,1
19760307,1
19760318,2
19760402,1
19760405,1
19760408,1
19760414,2
19760415,1
19760423,1
19760427,1
19760504,1
19760505,1
19761123,1
19760509,1
19760515,1
19760518,1
19760523,1
19760601,1
19760604,1
19760606,1
19760610,1
19760627,1
19760705,1
19760724,1
19760727,1
19760728,1
19760801,1
19760802,4
19760809,1
19760815,2
19760825,1
19760828,1
19760903,1
19760909,2
19760910,1
19760919,1
19760922,1
19760926,1
19761004,2
19761006,1
19761009,1
19761013,1
19761020,1
19761025,1
19761028,1
19761104,2
19761105,1
19761112,1
19761128,1
19761129,1
19761212,1
19761217,1
19761225,1
19761228,1
19761231,2
19770106,1
19770113,1
19770114,1
19770115,1
19770120,1
19770127,1
19770211,1
19770215,1
19770228,1
19770301,2
19770303,1
19770304,1
19770706,1
19770327,1
19770329,1
19770330,1
19770404,1
19770410,1
19770419,1
19770427,1
19770510,1
19770513,1
19770514,1
19770516,1
19770527,1
19770531,1
19770603,1
19770620,1
19770621,1
19770708,1
19770714,1
19770720,1
19770721,2
19770724,1
19770725,1
19770801,1
19770807,1
19770811,2
19770812,1
19770820,2
19770825,1
19770902,1
19770904,1
19770906,1
19770908,1
19770912,1
19770914,1
19770922,1
19770923,1
19770927,1
19771001,1
19771010,1
19771020,2
19771021,2
19771103,2
19771119,1
19771121,1
19771126,1
19771129,1
19771202,1
19771204,1
19771208,1
19771209,1
19771211,1
19771213,2
19771214,1
19771218,1
19771219,1
19771221,1
19771222,1
19771224,1
19771229,1
19780101,1
19780106,1
19780124,1
19780127,2
19780131,1
19780210,1
19780211,1
19780218,1
19780227,2
19780228,1
19780301,1
19780302,1
19780303,1
19780307,1
19780314,1
19780316,1
19780322,1
19780325,1
19780326,1
19780404,1
19780405,1
19780420,1
19780423,1
19780427,1
19780429,1
19780913,1
19780508,1
19780518,2
19780519,1
19780623,1
19780626,2
19780724,1
19780814,1
19780825,1
19780826,3
19780830,3
19780902,1
19780903,1
19780909,1
19780914,2
19780917,1
19780925,2
19780926,1
19781003,1
19781007,1
19781008,1
19781022,1
19781023,1
19781024,1
19781031,1
19781105,1
19781113,1
19781115,1
19781116,1
19781118,1
19781119,1
19781121,1
19781125,1
19781128,1
19781204,1
19781216,1
19781217,1
19781219,1
19781221,1
19781223,1
19781226,1
19781228,1
19790111,1
19790115,1
19790118,1
19790119,1
19790124,1
19790127,1
19790205,2
19790208,1
19790212,1
19790217,2
19790219,1
19790226,1
19790301,1
19790302,1
19790306,2
19790310,1
19790314,1
19790317,2
19790320,1
19790322,1
19790326,1
19790329,1
19790412,1
19790414,1
19790418,1
19790423,2
19790425,1
19790525,1
19800114,1
19790527,1
19790530,1
19790607,1
19790609,2
19790617,1
19790711,1
19790712,1
19790720,1
19790723,1
19790724,1
19790731,2
19790802,1
19790803,2
19790804,1
19790809,1
19790811,2
19790822,2
19790823,1
19790829,2
19790903,1
19790911,1
19790914,1
19790918,1
19790919,3
19790930,1
19791003,1
19791008,1
19791022,1
19791027,1
19791028,1
19791031,1
19791101,1
19791102,1
19791112,1
19791115,2
19791116,1
19791118,1
19791126,1
19791128,1
19791130,1
19791203,1
19791209,1
19791212,2
19791219,1
19791222,1
19791223,1
19800102,1
19800111,1
19800121,1
19800123,1
19800124,2
19800203,1
19800221,1
19800222,2
19800227,2
19800314,1
19800321,1
19800324,1
19800330,1
19800412,1
19800424,1
19800425,2
19800427,1
19800513,1
19801221,1
19800519,1
19800528,2
19800602,1
19800608,1
19800612,2
19800615,1
19800627,1
19800707,1
19800712,1
19800721,1
19800725,1
19800801,1
19800803,1
19800806,1
19800807,1
19800811,1
19800813,1
19801223,1
19810114,1
19800819,1
19800826,1
19800905,1
19800910,1
19800912,1
19800914,1
19800915,1
19800917,1
19800922,1
19800930,1
19801024,1
19801104,1
19801112,1
19801117,1
19801119,1
19801124,1
19801128,1
19801205,1
19801207,1
19801212,1
19801216,1
19810827,1
19810120,1
19810127,1
19810207,1
19810210,1
19810211,1
19810222,1
19810224,1
19810225,1
19810226,1
19810302,1
19810310,1
19810315,1
19810326,1
19810327,1
19810401,1
19810406,1
19810407,1
19810417,1
19810428,1
19810506,1
19810507,1
19810516,1
19810521,1
19810522,1
19810524,2
19810528,1
19810529,1
19810613,1
19810617,1
19810626,1
19810630,1
19810718,1
19810720,1
19810723,1
19810724,1
19810725,1
19810727,1
19810811,1
19810822,1
19810824,1
19810829,1
19810902,1
19810918,1
19810921,1
19810922,1
19810929,1
19811001,1
19811006,1
19811015,1
19811026,1
19811031,1
19811108,1
19811115,1
19811116,1
19811119,1
19811130,1
19811201,1
19811205,1
19811210,1
19811215,1
19811216,1
19811218,2
19830605,1
19811231,1
19820107,1
19820113,1
19820114,1
19820123,1
19820125,1
19820203,2
19820206,1
19820207,1
19820209,1
19820219,2
19820221,1
19820311,1
19820624,1
19820628,1
19820319,1
19820320,1
19820326,1
19820411,1
19820413,1
19820426,1
19820428,1
19820430,1
19820509,1
19820512,1
19820519,1
19820525,1
19820528,1
19820601,1
19820608,1
19820612,1
19820622,1
19820703,1
19820706,1
19820709,1
19820711,1
19820714,1
19820723,1
19820724,1
19820804,2
19820811,1
19820812,1
19820814,1
19820820,1
19820831,1
19820901,1
19820904,1
19820911,1
19820913,1
19820917,1
19820918,1
19820921,1
19820929,1
19821020,1
19821117,1
19821123,1
19821129,1
19821130,3
19821201,1
19821207,1
19821209,1
19821215,1
19821222,1
19821223,1
19821224,1
19830109,1
19830111,1
19830114,1
19830116,1
19830213,1
19830223,1
19830309,1
19830310,1
19830311,1
19830324,1
19830330,1
19830403,2
19830407,1
19830416,1
19830419,1
19830426,2
19830429,2
19830430,1
19830505,1
19830602,1
19830606,1
19830616,1
19830621,1
19830625,1
19830628,1
19830701,1
19830711,1
19830716,1
19830723,1
19830726,1
19830805,1
19830811,1
19830817,1
19830827,1
19830828,1
19830830,1
19830901,1
19830902,2
19830914,1
19830923,1
19830928,1
19870116,1
19831005,1
19831007,1
19831008,1
19831011,1
19831028,1
19831108,1
19831123,1
19831126,1
19831127,1
19831128,1
19831207,1
19831209,1
19831214,1
19831217,1
19831224,1
19840102,1
19840109,1
19840110,1
19840113,1
19840124,1
19840128,1
19840130,1
19840216,1
19840219,1
19840220,2
19840224,1
19840227,1
19840228,1
19840305,2
19840313,1
19840316,1
19840324,1
19840331,1
19840404,1
19840418,1
19840508,1
19840515,1
19840530,1
19840604,1
19840619,1
19840628,1
19840701,2
19840711,1
19840712,1
19840721,2
19840725,1
19840802,1
19840805,1
19840808,1
19840811,1
19840815,1
19841211,1
19840824,1
19840830,1
19840906,1
19840907,1
19840911,1
19840916,1
19840918,1
19840921,2
19840926,1
19841002,1
19841009,1
19841011,1
19841027,1
19841028,1
19841031,1
19841119,1
19841120,1
19841204,1
19841206,1
19860322,1
19841217,1
19841219,1
19841222,1
19841223,1
19850101,1
19850109,1
19850118,1
19850119,2
19850120,2
19850121,1
19850122,1
19850123,1
19850201,1
19850204,2
19850206,1
19891018,1
19850209,1
19850216,1
19850219,1
19850222,1
19850225,1
19850312,1
19850328,1
19850411,2
19850413,1
19850415,1
19850416,1
19850419,1
19850420,1
19850503,1
19850506,1
19850515,1
19850516,2
19850521,1
19850528,1
19850531,1
19850614,1
19850623,1
19850628,2
19850710,1
19850719,1
19850724,1
19850802,1
19850812,1
19850815,1
19850820,1
19850822,1
19850825,1
19850827,1
19850830,1
19850904,1
19850906,1
19850922,1
19850923,1
19850925,3
19850929,1
19851004,1
19851009,1
19851010,1
19851011,1
19851012,1
19851022,1
19851101,1
19851115,1
19851116,1
19851121,1
19851124,1
19851125,1
19851212,1
19851230,1
19851231,1
19860118,1
19860121,1
19860128,1
19860129,1
19860205,1
19860216,1
19860302,1
19860303,1
19860313,1
19860320,1
19860324,1
19860325,2
19860327,1
19860330,1
19860331,2
19860402,2
19860427,1
19860501,1
19860503,1
19860517,1
19860518,1
19860524,1
19860610,1
19860612,1
19860617,1
19860618,1
19860622,1
19860702,1
19860710,1
19860726,1
19860804,2
19860814,1
19860816,1
19860821,1
19860828,1
19860831,1
19860903,1
19860905,1
19860909,1
19860914,1
19860919,2
19861003,1
19861004,1
19861014,1
19861015,1
19861016,1
19861019,1
19861020,1
19861022,1
19861023,1
19861030,1
19861102,1
19861106,1
19861125,1
19861212,1
19861215,1
19861225,1
19861227,1
19870102,1
19870103,2
19870112,1
19870113,1
19870115,1
19870130,1
19870205,1
19870206,1
19870209,1
19870214,1
19870304,1
19870306,1
19870313,1
19870321,1
19870327,1
19870330,1
19870401,1
19870402,1
19870404,1
19870413,1
19870423,1
19870505,1
19881004,1
19870508,1
19870509,1
19870511,1
19870513,1
19870519,1
19870523,1
19870525,1
19870530,1
19870605,1
19870611,1
19870618,1
19870619,1
19870621,1
19870626,1
19870701,1
19870724,1
19870730,1
19870731,1
19870804,1
19880118,1
19870816,2
19870818,2
19870831,1
19870908,1
19870913,1
19870921,1
19871011,1
19871015,1
19871019,1
19871104,1
19871106,1
19871110,1
19871115,1
19871123,1
19871127,2
19880119,1
19871128,1
19871129,2
19871203,1
19871207,2
19871208,1
19871213,1
19871214,1
19871221,3
19871222,2
19871223,1
19871230,1
19880102,1
19880108,1
19880124,1
19880201,2
19880203,1
19880208,1
19880219,1
19880227,1
19880301,1
19880304,1
19880306,1
19880308,1
19880317,1
19880331,1
19880405,1
19880410,1
19880412,1
19880416,1
19880419,1
19880427,1
19880726,2
19881007,1
19880428,1
19880506,1
19880518,1
19880524,1
19880526,1
19880603,1
19880608,1
19880612,1
19880618,1
19880626,1
19880703,2
19880706,1
19880720,1
19880721,1
19880730,1
19880802,1
19880815,1
19880817,4
19880819,1
19880823,1
19880826,1
19880828,2
19880831,1
19880905,1
19880909,1
19880912,1
19880915,1
19880919,1
19881011,1
19881016,2
19881017,1
19881019,1
19881025,1
19881102,1
19881113,1
19881114,1
19881117,1
19881118,1
19881130,1
19881207,1
19881208,1
19881210,1
19881211,1
19881214,1
19881217,1
19881221,1
19890315,1
19890108,1
19890112,1
19890117,1
19890129,1
19890131,1
19890203,1
19890206,2
19890208,1
19890209,1
19890219,1
19890224,2
19890225,1
19890228,1
19890310,1
19890318,1
19890320,1
19890321,1
19890410,1
19890419,1
19890426,1
19890505,1
19890506,1
19890508,1
19890509,2
19890607,1
19890611,1
19890617,1
19890618,1
19890622,2
19890627,1
19890628,3
19890629,2
19890719,1
19890721,1
19890723,2
19890726,1
19890727,1
19890731,1
19890803,1
19890807,1
19890808,1
19890813,1
19890815,1
19890821,1
19890825,2
19890828,1
19890903,2
19890908,1
19890915,2
19890919,2
19890920,1
19890921,2
19890923,1
19890926,1
19890927,1
19890928,1
19891004,2
19891006,1
19891010,1
19891020,1
19891021,1
19891026,1
19891027,1
19891028,1
19891109,1
19891110,1
19891114,1
19891121,1
19891123,1
19891125,2
19891127,2
19891128,1
19891201,1
19891221,1
19900205,1
19891226,1
19891228,1
19891230,1
19900102,1
19900113,1
19900115,1
19900117,1
19900118,2
19900123,1
19900125,2
19900127,1
19900129,1
19900212,1
19900214,1
19900217,1
19900227,1
19900301,1
19900305,1
19900308,1
19900312,1
19900321,1
19900323,2
19900327,1
19900406,1
19900412,1
19900418,1
19900420,1
19900426,2
19900430,1
19900505,1
19900510,3
19900511,1
19900518,2
19900606,1
19900610,1
19900625,1
19900702,1
19900705,1
19900712,1
19900727,1
19900731,1
19900801,1
19900810,1
19900821,1
19900827,1
19921214,1
19900829,1
19900903,1
19900911,1
19900912,1
19900914,1
19900920,2
19900924,1
19901002,1
19901003,1
19901019,1
19901024,1
19901111,1
19901114,1
19901118,1
19901119,1
19910217,1
19901121,1
19901125,1
19901203,1
19901204,1
19901206,1
19901221,1
19910110,1
19910111,1
19910130,1
19910131,1
19910201,1
19910205,1
19910207,1
19910213,1
19910214,1
19910220,1
19910303,1
19910305,1
19910311,2
19910316,2
19910318,2
19910321,1
19910323,1
19910325,1
19910401,2
19910404,1
19910405,1
19910419,1
19910505,1
19910509,1
19910513,1
19910515,1
19910523,1
19910524,1
19910526,1
19910601,1
19910610,1
19910620,2
19910626,1
19910704,1
19910709,1
19910710,1
19910711,1
19910927,1
19910722,1
19910723,1
19910725,2
19910806,1
19910814,1
19910815,1
19910816,1
19910820,2
19910828,1
19910903,2
19910911,1
19910916,1
19910917,1
19910918,1
19910923,1
19910926,1
19910929,1
19911005,1
19911008,1
19911013,2
19911025,1
19911030,1
19911101,1
19911107,1
19911111,2
19911116,2
19911120,1
19911121,1
19911125,1
19911126,1
19911129,1
19911210,1
19911211,1
19911222,2
19911227,1
19911229,1
19920103,1
19920113,1
19920120,1
19920127,1
19920128,1
19920203,1
19920206,1
19920209,1
19920215,1
19920220,1
19920302,2
19920312,2
19920322,1
19920324,1
19920404,1
19920407,1
19920410,1
19920415,1
19920416,1
19920417,2
19920422,1
19920426,1
19920428,1
19920606,1
19920607,1
19920608,1
19920612,2
19920619,2
19920622,1
19920628,1
19920705,1
19920713,2
19920714,1
19920720,2
19920724,1
19920727,1
19920728,1
19920729,1
19920928,2
19920730,1
19920731,1
19920821,4
19920825,1
19920827,1
19920831,1
19920907,1
19920910,1
19920912,1
19920916,1
19920918,1
19920919,1
19920921,1
19920926,1
19921004,1
19921007,1
19921008,1
19921009,1
19921018,1
19921019,1
19921021,1
19921029,1
19921031,1
19921108,2
19921111,1
19921114,1
19921115,1
19921119,1
19921124,1
19921130,1
19921209,1
19921213,1
19921221,1
19921222,1
19930103,1
19930106,1
19930109,1
19930113,1
19930114,1
19930127,1
19930131,1
19930208,1
19930210,1
19930220,1
19930228,1
19930305,1
19930314,1
19930319,1
19930323,1
19930331,1
19930401,2
19930402,1
19930406,1
19930419,1
19930423,1
19930426,1
19930427,2
19930428,1
19930511,1
19930515,1
19930519,1
19930606,1
19930607,1
19930609,1
19930616,1
19930617,1
19930701,1
19930706,1
19930712,2
19930723,1
19930726,1
19930730,1
19930731,1
19930807,1
19930818,1
19930826,1
19930828,1
19930914,1
19930921,1
19930922,1
19930923,1
19931004,1
19931025,1
19931026,1
19931027,1
19931106,1
19931110,1
19931113,1
19931115,1
19931120,1
19931121,1
19931201,1
19931203,1
19931209,1
19931213,1
19931215,2
19931226,1
19940103,1
19941002,1
19940105,1
19940107,1
19940118,1
19940224,2
19940225,1
19940302,1
19940308,1
19940309,1
19940314,1
19940317,2
19940318,1
19940321,3
19940323,1
19940602,1
19940403,2
19940404,1
19940406,1
19940414,1
19940425,1
19940426,1
19940427,1
19940429,1
19940507,1
19940523,1
19940528,1
19940807,1
19940606,2
19940613,1
19940618,1
19940622,1
19940626,1
19940629,1
19940630,1
19940701,1
19940702,1
19940711,2
19940714,1
19940717,1
19940719,1
19940726,1
19940805,1
19940810,1
19940811,1
19940812,1
19940814,1
19940821,1
19940908,1
19940913,1
19940917,1
19940918,1
19940923,1
19940926,1
19940928,1
19940929,1
19940930,1
19941215,1
19941008,1
19941012,1
19941014,1
19941026,2
19941029,1
19941031,1
19941101,1
19941104,1
19941105,1
19941116,2
19941122,1
19941125,2
19941210,1
19941213,1
19941217,2
19941221,1
19941226,1
19941229,1
19950105,1
19950110,1
19950111,3
19950112,1
19950114,2
19950117,1
19950120,2
19950130,1
19950213,1
19950216,1
19950316,1
19950322,1
19950329,1
19950331,1
19950417,1
19950423,1
19950427,1
19950429,1
19950501,1
19950503,1
19950509,1
19950513,1
19950524,1
19950525,1
19950529,1
19950608,1
19950609,1
19950614,1
19950616,1
19950617,1
19950624,1
19950627,1
19950630,1
19950701,1
19950707,1
19950712,1
19950717,1
19950718,1
19950725,1
19950802,1
19950809,2
19950814,1
19950821,1
19950901,1
19950902,2
19950909,1
19950911,1
19950912,1
19950913,1
19950915,1
19950916,1
19950921,1
19950922,1
19950924,1
19950927,1
19951003,1
19951004,1
19951010,1
19951022,1
19951031,1
19951109,1
19951113,1
19951122,1
19951129,1
19951130,1
19951203,1
19951205,1
19951207,1
19951208,1
19951213,1
19951218,1
19951220,1
19951222,1
19960312,2
19960108,1
19960118,1
19960122,1
19960129,1
19960204,1
19960205,2
19960206,1
19960211,1
19960212,1
19960216,1
19960219,1
19960226,1
19960227,1
19960229,1
19960302,1
19960309,1
19960313,1
19960317,1
19960403,1
19960405,2
19960411,1
19960503,1
19960509,1
19960510,1
19960511,2
19960519,1
19960606,1
19960609,1
19960612,1
19960613,1
19960621,1
19960706,1
19960709,1
19960711,1
19960715,1
19960717,2
19960720,1
19960724,1
19960812,1
19960814,1
19960817,1
19960818,1
19960819,1
19960829,1
19960913,1
19960923,1
19960925,1
19961002,1
19961003,1
19961006,1
19961008,1
19961013,1
19961020,1
19961022,1
19961026,1
19961031,1
19961101,1
19961107,2
19970312,1
19961112,1
19961113,1
19961114,1
19961119,1
19961122,1
19961123,1
19961126,1
19961127,1
19961130,1
19961207,1
19961209,1
19961217,1
19961221,1
19961222,2
19961224,1
19970102,1
19970107,1
19970109,1
19970129,1
19970131,1
19970201,1
19970202,1
19970204,1
19970214,1
19970219,1
19970304,1
19970307,1
19970313,1
19970318,1
19970401,1
19970404,1
19970410,1
19970414,1
19970415,1
19970416,1
19970419,1
19970423,1
19970508,1
19970606,1
19970610,1
19970703,1
19970705,1
19970706,1
19970709,1
19970711,1
19970712,1
19970717,1
19970718,1
19970721,1
19970729,1
19970730,1
19970806,1
19970807,1
19970810,2
19970814,1
19970815,1
19970829,1
19970903,1
19970906,1
19970912,1
19970913,1
19970926,1
19971008,1
19971009,1
19971010,2
19971012,1
19971029,1
19971030,1
19971108,1
19971205,1
19971209,1
19971213,1
19971216,2
19971217,1
19971219,1
19971220,1
19971227,1
19971228,1
19971231,1
19980109,1
19980113,2
19980127,1
19980202,1
19980203,1
19980204,1
19980205,1
19980212,1
19980216,1
19980305,1
19980307,1
19980310,1
19980318,1
19980319,1
19980322,1
19980328,1
19980331,1
19980420,1
19980505,1
19980512,1
19980525,2
19980526,1
19980618,1
19980625,1
19980713,1
19980716,1
19980717,1
19980723,1
19980727,1
19980728,1
19980729,1
19980730,2
19990225,1
19980804,1
19980811,1
19980819,1
19980821,1
19980823,2
19980824,1
19980829,2
19980902,1
19980909,1
19980910,1
19990701,1
20010108,1
19980914,1
19980925,1
19980928,1
19980929,2
19981002,1
19981010,1
19981021,1
19981025,1
19981101,1
19981111,1
19981117,1
19981121,1
19981123,1
19981127,1
19981202,1
19981207,1
19990702,1
19981211,1
19981214,1
19981217,1
19981222,2
19981226,1
19990102,1
19990112,1
19990113,1
19990116,1
19990117,1
19990121,1
19990202,1
19990203,1
19990208,1
19990212,1
19990224,1
19990307,2
19990318,1
19990319,1
19990407,1
19990408,1
19990415,1
19990508,1
19990524,1
19990529,2
19990601,1
19990603,1
19990609,1
19990617,1
19990625,1
19990630,1
19990704,1
19990707,1
19990709,1
19990716,1
19990720,2
19990723,1
19990724,1
19990731,1
19990807,1
19990812,1
19990822,1
19990824,1
19990826,1
19990831,1
19990901,1
19990903,2
19990905,2
19990914,1
19990917,1
19990925,1
19991002,2
19991024,1
19991025,2
19991031,1
20010104,1
19991109,1
19991112,1
19991126,1
19991205,2
19991206,2
19991207,1
19991209,1
19991210,1
19991211,1
19991221,1
20000405,2
20000419,1
19991222,1
19991224,1
19991225,1
19991229,1
20000105,1
20000110,1
20000113,1
20000115,1
20000125,1
20000130,1
20000702,1
20000131,1
20000202,2
20000205,1
20000216,1
20000305,1
20000309,1
20000317,1
20000322,3
20000324,1
20000325,1
20000401,1
20000623,1
20000429,1
20000502,1
20000503,2
20000510,1
20000517,1
20000521,1
20000525,1
20000531,1
20000605,1
20000614,1
20000621,1
20000622,1
20000627,1
20000708,1
20000709,1
20000713,1
20000717,1
20000719,1
20000720,1
20000721,1
20000725,1
20000726,1
20000727,1
20000802,1
20000806,1
20000809,1
20000812,1
20000814,1
20000815,1
20000823,1
20000825,1
20000826,1
20000902,1
20000904,1
20000916,1
20000918,1
20001006,1
20001211,1
20001008,1
20001009,1
20001010,1
20001016,2
20001019,1
20001025,1
20001031,1
20001107,1
20001109,1
20001115,1
20001120,1
20001125,1
20010114,1
20010123,1
20010125,1
20010127,1
20010131,1
20010208,2
20010210,1
20010227,1
20010302,1
20010303,2
20010315,1
20010317,1
20010324,1
20010326,1
20010329,1
20010402,1
20010404,1
20010407,1
20010428,1
20010516,1
20010517,2
20010522,1
20010615,1
20010704,1
20010705,1
20010712,1
20010714,1
20010730,1
20010805,1
20010810,1
20010823,1
20010824,2
20010825,1
20010829,1
20010911,4
20010912,1
20010915,1
20010918,1
20011003,1
20011004,1
20011008,2
20011010,2
20011011,1
20011013,1
20011018,1
20011112,1
20011119,1
20011122,1
20011123,1
20011124,1
20011127,1
20011128,1
20011201,2
20011210,1
20011214,1
20011216,1
20011220,1
20011226,1
20020101,1
20020104,1
20020109,1
20020114,1
20020115,1
20020116,1
20020117,1
20020119,1
20020127,1
20020128,1
20020202,1
20020212,1
20020215,1
20020221,1
20020222,1
20020309,1
20020314,1
20020315,1
20020317,1
20020401,1
20020412,1
20020415,1
20020418,1
20020419,1
20020424,1
20020428,1
20020504,1
20020507,2
20020521,1
20020525,2
20020601,1
20020602,1
20020604,1
20020611,1
20020612,1
20020701,1
20020704,2
20020712,1
20020716,2
20020717,1
20020727,1
20020728,1
20020807,1
20020815,1
20020819,1
20020822,1
20020829,1
20020830,2
20020902,1
20020904,1
20020913,1
20020914,1
20020928,1
20021001,1
20021007,1
20021023,1
20021025,1
20021106,1
20021107,1
20021108,1
20021111,1
20021128,1
20021209,1
20021213,1
20031115,1
20021217,1
20021221,1
20021223,1
20021225,1
20021226,1
20021227,2
20030108,1
20030109,1
20030117,1
20030124,1
20030131,1
20030207,1
20030210,1
20030216,1
20030219,1
20030220,1
20030301,1
20030306,1
20030327,1
20030328,1
20030508,1
20030526,1
20030528,1
20030601,1
20030604,1
20030606,1
20030611,1
20030615,1
20030622,2
20030625,1
20030626,1
20030630,1
20030701,1
20030705,1
20030708,2
20030713,1
20030719,1
20030723,1
20030804,1
20030808,1
20030820,1
20030824,1
20030826,1
20030911,2
20030919,1
20030920,1
20030927,2
20031003,1
20031011,1
20031026,1
20031027,1
20031029,1
20031102,2
20031108,1
20031129,2
20031216,1
20031218,1
20031223,1
20031225,1
20040103,1
20040113,1
20040117,1
20040128,1
20040206,1
20040210,1
20040224,1
20040301,1
20040304,1
20040310,1
20040712,1
20040316,1
20040318,1
20040321,1
20040502,1
20040504,1
20040505,1
20040506,1
20040511,1
20040514,2
20040518,1
20040523,1
20040525,1
20040608,1
20040611,1
20040628,1
20040702,1
20040710,1
20040722,1
20040729,1
20040813,1
20040817,1
20040818,1
20040821,1
20040824,2
20040827,1
20040909,1
20040911,1
20040929,1
20041005,1
20041122,2
20041127,1
20041014,1
20041015,1
20041016,2
20041019,1
20041024,1
20041118,1
20041121,1
20041128,1
20041130,2
20041206,1
20041207,1
20041210,1
20041211,2
20050113,3
20050126,1
20050127,1
20050130,1
20050203,2
20050210,1
20050216,1
20050222,2
20050308,1
20050315,1
20050316,1
20050323,1
20050326,1
20050331,1
20050412,1
20050420,1
20050428,1
20050502,1
20050505,1
20050507,1
20050516,1
20050518,1
20050525,1
20050602,1
20050716,1
20050802,1
20050806,1
20050810,1
20050814,1
20050816,1
20050823,1
20050905,2
20050909,1
20050915,1
20050916,1
20050923,1
20051004,1
20051006,1
20051022,1
20051119,1
20051206,1
20051208,1
20051210,1
20051219,1
20051223,1
20061117,1
20051228,1
20060102,1
20060108,1
20060109,1
20060119,1
20060121,1
20060205,1
20060208,1
20060307,1
20060309,1
20060318,1
20060324,1
20060331,1
20060410,2
20060423,1
20060424,1
20060428,1
20060503,1
20060514,1
20060523,1
20060602,1
20060603,1
20060608,1
20060611,1
20060621,1
20060630,1
20060702,1
20060707,1
20060709,1
20060710,1
20060803,1
20061118,1
20060804,1
20060813,1
20060822,1
20060827,1
20060901,1
20060902,1
20060911,1
20060917,1
20060929,1
20061010,1
20061019,1
20061029,1
20061127,1
20061210,1
20061214,1
20061216,1
20070101,1
20070105,1
20070109,1
20070110,1
20070112,1
20070120,1
20070125,1
20070206,1
20070207,1
20070307,1
20070308,1
20070311,1
20070314,1
20070317,1
20070323,1
20070425,1
20070427,1
20070505,1
20070506,1
20070517,1
20070524,1
20070603,1
20070604,1
20070613,1
20070616,1
20070621,1
20070625,1
20070628,1
20070705,2
20070708,1
20070717,1
20070723,1
20070724,1
20070729,1
20070805,1
20070809,1
20070816,1
20070822,2
20070826,1
20070907,1
20080112,1
20070916,1
20070924,2
20071004,1
20071007,1
20071008,1
20071104,1
20071108,1
20071130,1
20071203,1
20071205,1
20071209,1
20080104,1
20080105,1
20080114,1
20080117,1
20080119,1
20080123,1
20080126,1
20080221,1
20080226,1
20080303,1
20080315,1
20080403,1
20080409,1
20080411,1
20080415,1
20080416,1
20080428,1
20080502,1
20080517,1
20080523,1
20080524,1
20080526,1
20080529,1
20080530,1
20080607,1
20080608,1
20080610,1
20080618,1
20080620,1
20080626,1
20080627,1
20080629,1
20080630,1
20080706,1
20080707,1
20080710,1
20080731,1
20080803,1
20080805,1
20080806,1
20080813,1
20080820,1
20080824,2
20080830,1
20080901,2
20080903,1
20080914,1
20080919,1
20080927,1
20081008,1
20081015,1
20081104,1
20081108,1
20081113,1
20081116,1
20081127,1
20081203,1
20081211,1
20081215,1
20090104,1
20090115,1
20090207,2
20090212,1
20090215,1
20090220,1
20090225,1
20090309,1
20090312,1
20090322,1
20090323,1
20090401,1
20090406,1
20090409,1
20090417,2
20090429,1
20090503,1
20090520,1
20090526,1
20090601,1
20090607,1
20090608,1
20090629,1
20090630,1
20090715,1
20090724,1
20090802,1
20090804,1
20090811,1
20090814,1
20090816,1
20090826,1
20090907,1
20090922,1
20090924,1
20091009,1
20091013,1
20091017,1
20091021,1
20091022,1
20091026,2
20091029,1
20091101,1
20091102,1
20091109,1
20091112,1
20091115,1
20091123,1
20091128,1
20091209,1
20091217,1
20091220,1
20100105,1
20100121,1
20100125,2
20100128,1
20100214,1
20100322,1
20100410,1
20100412,1
20100413,1
20100421,1
20100512,1
20100515,1
20100517,1
20100521,1
20100522,1
20100612,1
20100614,1
20100619,1
20100623,1
20100624,1
20100705,1
20100728,2
20100731,1
20100801,1
20100803,1
20100809,1
20100816,1
20100824,2
20100825,1
20100831,1
20100903,1
20100907,1
20100913,1
20101006,1
20101012,1
20101021,1
20101025,1
20101027,1
20101104,1
20101105,1
20101111,1
20101124,1
20101128,1
20101204,1
20101208,1
20101215,1
20101219,1
20101228,1
20110101,1
20110109,1
20110114,1
20110120,1
20110204,1
20110210,1
20110212,1
20110214,2
20110218,1
20110305,1
20110308,1
20110316,1
20110321,1
20110328,1
20110331,1
20110401,1
20110402,1
20110404,1
20110507,1
20110518,1
20110620,1
20110704,1
20110706,1
20110708,1
20110711,1
20110713,1
20110726,1
20110728,1
20110802,1
20110809,1
20110820,1
20110822,1
20110828,1
20110902,2
20110903,1
20110906,1
20110907,1
20110909,1
20110914,1
20110920,1
20110922,1
20110923,1
20110925,1
20110929,1
20111004,1
20111013,1
20111014,1
20111018,1
20111025,1
20111027,1
20111123,1
20120130,1
20120212,1
20120228,1
20120301,1
20120315,3
20120322,1
20120402,1
20120420,1
20120421,1
20120509,1
20120514,1
20120602,1
20120603,1
20120606,1
20120610,1
20120611,1
20120621,1
20120623,1
20120629,1
20120701,1
20120712,1
20120713,1
20120717,1
20120722,1
20120728,1
20120802,1
20120819,1
20120822,1
20120830,1
20120912,1
20120922,1
20120928,1
20121007,2
20121106,1
20121109,1
20121118,1
20121121,1
20121125,1
20121130,1
20121205,1
20121209,1
20121217,1
20121219,1
20121222,1
20121225,2
20121229,1
20130104,1
20130115,1
20130123,1
20130129,1
20130211,1
20130213,1
20130220,1
20130304,2
20130306,1
20130308,1
20130317,1
20130323,1
20130407,1
20130427,1
20130429,1
20130430,1
20130503,1
20130505,1
20130515,1
20130524,1
20130607,1
20130610,1
20130628,1
20130629,1
20130706,1
20130707,1
20130805,1
20130806,1
20130809,1
20130814,1
20130822,1
20130909,1
20130925,1
20130929,1
20131003,1
20131005,1
20131006,1
20131010,2
20131014,1
20131016,1
20131018,1
20131026,1
20131103,1
20131110,1
20131117,1
20131119,1
20131125,1
20131129,2
20131202,1
20131204,1
20131211,1
20131217,1
20131226,1
20140105,1
20140110,1
20140112,1
20140118,1
20140120,1
20140211,1
20140216,1
20140217,1
20140219,1
20140221,1
20140303,1
20140308,1
20140328,1
20140408,1
20140419,1
20140508,1
20140512,1
20140517,1
20140527,1
20140531,1
20140606,1
20140607,1
20140614,1
20140617,1
20140618,1
20140623,1
20140624,1
20140702,1
20140714,1
20140717,1
20140723,1
20140724,1
20140810,1
20140813,1
20140830,1
20140831,1
20140914,1
20140920,1
20140921,1
20141020,1
20141029,1
20141030,1
20141109,1
20141114,1
20141208,1
20141212,1
20141218,1
20141228,3
20150118,1
20150120,1
20150129,1
20150204,1
20150211,1
20150324,2
20150326,1
20150413,1
20150509,1
20150516,1
20150520,1
20150602,1
20150608,1
20150625,1
20150630,1
20150731,2
20150801,1
20150816,2
20150820,2
20150829,1
20150905,1
20150915,1
20151002,2
20151003,1
20151012,1
20151014,1
20151022,1
20151031,1
20151104,1
20151110,2
20151207,1
20151211,1
20151222,1
20151223,1
20151224,1
20160108,1
20160118,1
20160202,1
20160206,1
20160210,1
20160224,1
20160309,1
20160315,1
20160316,1
20160319,1
20160401,1
20160406,1
20160413,1
20160430,1
20160518,1
20160616,1
20160626,1
20160630,1
20160701,1
20160711,1
20160720,1
20160722,1
20160731,1
20160803,1
20160816,1
20160831,1
20160930,1
20161002,1
20161013,1
20161024,1
20161128,1
20161203,1
20161205,1
20161207,1
20161218,1
